{
  "data":[
    {"location":[52.519355, 13.410187], "score":9},
    {"location":[52.519355, 13.410187], "score":9},
    {"location":[52.519355, 13.410187], "score":9},
  ]
}
